{
  "k_211_n_092.txt": {
    "avgClosenessVitality": 355.19565217391306,
    "avgClustering": 0.7224151030840535,
    "avgDegree": 9.858695652173912,
    "degeneracy": 21,
    "density": 0.21667462971810797,
    "edgeCount": 907,
    "maxClosenessVitality": 512.0,
    "maxClustering": 0.9333333333333333,
    "maxDegree": 31,
    "minClosenessVitality": 188.0,
    "minClustering": 0.21978021978021978,
    "minDegree": 5,
    "nodeCount": 92
  },
  "k_424_n_111.txt": {
    "avgClosenessVitality": 434.5765765765766,
    "avgClustering": 0.5377484557304092,
    "avgDegree": 8.675675675675675,
    "degeneracy": 15,
    "density": 0.15773955773955775,
    "edgeCount": 963,
    "maxClosenessVitality": 630.0,
    "maxClustering": 0.8888888888888888,
    "maxDegree": 29,
    "minClosenessVitality": 282.0,
    "minClustering": 0.12121212121212122,
    "minDegree": 5,
    "nodeCount": 111
  },
  "k_790_n_416.txt": {
    "avgClosenessVitality": 2137.375,
    "avgClustering": 0.7465337735976733,
    "avgDegree": 10.115384615384615,
    "degeneracy": 24,
    "density": 0.04874884151992586,
    "edgeCount": 4208,
    "maxClosenessVitality": 3148.0,
    "maxClustering": 1.0,
    "maxDegree": 32,
    "minClosenessVitality": -278.0,
    "minClustering": 0.16666666666666666,
    "minDegree": 5,
    "nodeCount": 416
  },
  "k_029_n_024.txt": {
    "avgClosenessVitality": 46.166666666666664,
    "avgClustering": 0.9963768115942027,
    "avgDegree": 11.458333333333334,
    "degeneracy": 22,
    "density": 0.9963768115942029,
    "edgeCount": 275,
    "maxClosenessVitality": 48.0,
    "maxClustering": 1.0,
    "maxDegree": 23,
    "minClosenessVitality": 46.0,
    "minClustering": 0.9960474308300395,
    "minDegree": 22,
    "nodeCount": 24
  },
  "k_026_n_015.txt": {
    "avgClosenessVitality": 28.533333333333335,
    "avgClustering": 0.9804639804639805,
    "avgDegree": 6.866666666666666,
    "degeneracy": 13,
    "density": 0.9809523809523809,
    "edgeCount": 103,
    "maxClosenessVitality": 30.0,
    "maxClustering": 0.9871794871794872,
    "maxDegree": 14,
    "minClosenessVitality": 28.0,
    "minClustering": 0.978021978021978,
    "minDegree": 13,
    "nodeCount": 15
  },
  "k_022_n_035.txt": {
    "avgClosenessVitality": 106.45714285714286,
    "avgClustering": 0.8975352570177867,
    "avgDegree": 8.257142857142858,
    "degeneracy": 16,
    "density": 0.4857142857142857,
    "edgeCount": 289,
    "maxClosenessVitality": 136.0,
    "maxClustering": 0.9779411764705882,
    "maxDegree": 21,
    "minClosenessVitality": 44.0,
    "minClustering": 0.7142857142857143,
    "minDegree": 13,
    "nodeCount": 35
  },
  "n_0051_nr_1345.txt": {
    "avgClosenessVitality": 157.09803921568627,
    "avgClustering": 0.9354052763397915,
    "avgDegree": 12.490196078431373,
    "degeneracy": 29,
    "density": 0.4996078431372549,
    "edgeCount": 637,
    "maxClosenessVitality": 274.0,
    "maxClustering": 1.0,
    "maxDegree": 43,
    "minClosenessVitality": -42.0,
    "minClustering": 0.5333333333333333,
    "minDegree": 3,
    "nodeCount": 51
  },
  "optK_53_c_0.66_cost_matrix_component_nr_428_size_65_cutoff_10.0.graph": {
    "avgClosenessVitality": 119.64285714285714,
    "avgClustering": 0.9711917447286027,
    "avgDegree": 24.5,
    "degeneracy": 48,
    "density": 0.8909090909090909,
    "edgeCount": 1372,
    "maxClosenessVitality": 214.0,
    "maxClustering": 1.0,
    "maxDegree": 55,
    "minClosenessVitality": -22.0,
    "minClustering": 0.8354978354978355,
    "minDegree": 3,
    "nodeCount": 56
  },
  "optK_19_c_0.66_cost_matrix_component_nr_1162_size_15_cutoff_10.0.graph": {
    "avgClosenessVitality": 37.06666666666667,
    "avgClustering": 0.7136459836459836,
    "avgDegree": 4.6,
    "degeneracy": 8,
    "density": 0.6571428571428571,
    "edgeCount": 69,
    "maxClosenessVitality": 54.0,
    "maxClustering": 0.9642857142857143,
    "maxDegree": 12,
    "minClosenessVitality": 30.0,
    "minClustering": 0.0,
    "minDegree": 2,
    "nodeCount": 15
  },
  "k_034_n_055.txt": {
    "avgClosenessVitality": 212.1090909090909,
    "avgClustering": 0.8844120385543311,
    "avgDegree": 8.672727272727272,
    "degeneracy": 23,
    "density": 0.3212121212121212,
    "edgeCount": 477,
    "maxClosenessVitality": 314.0,
    "maxClustering": 1.0,
    "maxDegree": 27,
    "minClosenessVitality": 70.0,
    "minClustering": 0.47619047619047616,
    "minDegree": 5,
    "nodeCount": 55
  },
  "k_023_n_015.txt": {
    "avgClosenessVitality": 28.8,
    "avgClustering": 0.9741147741147742,
    "avgDegree": 6.8,
    "degeneracy": 12,
    "density": 0.9714285714285714,
    "edgeCount": 102,
    "maxClosenessVitality": 32.0,
    "maxClustering": 1.0,
    "maxDegree": 14,
    "minClosenessVitality": 28.0,
    "minClustering": 0.967032967032967,
    "minDegree": 12,
    "nodeCount": 15
  },
  "n_0011_nr_3599.txt": {
    "avgClosenessVitality": 34.54545454545455,
    "avgClustering": 0.8337662337662337,
    "avgDegree": 2.4545454545454546,
    "degeneracy": 5,
    "density": 0.4909090909090909,
    "edgeCount": 27,
    "maxClosenessVitality": 44.0,
    "maxClustering": 1.0,
    "maxDegree": 7,
    "minClosenessVitality": 26.0,
    "minClustering": 0.4666666666666667,
    "minDegree": 2,
    "nodeCount": 11
  },
  "k_227_n_102.txt": {
    "avgClosenessVitality": 409.6078431372549,
    "avgClustering": 0.7231193435602011,
    "avgDegree": 10.098039215686274,
    "degeneracy": 20,
    "density": 0.199961172587847,
    "edgeCount": 1030,
    "maxClosenessVitality": 722.0,
    "maxClustering": 1.0,
    "maxDegree": 32,
    "minClosenessVitality": 166.0,
    "minClustering": 0.0,
    "minDegree": 2,
    "nodeCount": 102
  },
  "optK_45_c_0.5_cost_matrix_component_nr_1816_size_34_cutoff_10.0.graph": {
    "avgClosenessVitality": 55.0625,
    "avgClustering": 0.8556892090080016,
    "avgDegree": 8.75,
    "degeneracy": 18,
    "density": 0.5645161290322581,
    "edgeCount": 280,
    "maxClosenessVitality": 124.0,
    "maxClustering": 1.0,
    "maxDegree": 25,
    "minClosenessVitality": 2.0,
    "minClustering": 0.0,
    "minDegree": 1,
    "nodeCount": 32
  },
  "n_0032_nr_1065.txt": {
    "avgClosenessVitality": 90.0,
    "avgClustering": 0.9122000184863464,
    "avgDegree": 8.0,
    "degeneracy": 15,
    "density": 0.5333333333333333,
    "edgeCount": 248,
    "maxClosenessVitality": 112.0,
    "maxClustering": 1.0,
    "maxDegree": 25,
    "minClosenessVitality": -38.0,
    "minClustering": 0.56,
    "minDegree": 13,
    "nodeCount": 31
  },
  "optK_41_c_0.66_cost_matrix_component_nr_1812_size_29_cutoff_10.0.graph": {
    "avgClosenessVitality": 76.96551724137932,
    "avgClustering": 0.8860288559239085,
    "avgDegree": 9.206896551724139,
    "degeneracy": 19,
    "density": 0.6576354679802956,
    "edgeCount": 267,
    "maxClosenessVitality": 122.0,
    "maxClustering": 1.0,
    "maxDegree": 27,
    "minClosenessVitality": 58.0,
    "minClustering": 0.6609686609686609,
    "minDegree": 8,
    "nodeCount": 29
  },
  "k_005_n_026.txt": {
    "avgClosenessVitality": 156.30769230769232,
    "avgClustering": 0.9678948502477914,
    "avgDegree": 6.538461538461538,
    "degeneracy": 15,
    "density": 0.5230769230769231,
    "edgeCount": 170,
    "maxClosenessVitality": 898.0,
    "maxClustering": 1.0,
    "maxDegree": 17,
    "minClosenessVitality": 84.0,
    "minClustering": 0.75,
    "minDegree": 7,
    "nodeCount": 26
  },
  "optK_20_c_0.33_cost_matrix_component_nr_2078_size_17_cutoff_10.0.graph": {
    "avgClosenessVitality": 40.42857142857143,
    "avgClustering": 0.7827664399092971,
    "avgDegree": 3.142857142857143,
    "degeneracy": 5,
    "density": 0.4835164835164835,
    "edgeCount": 44,
    "maxClosenessVitality": 58.0,
    "maxClustering": 1.0,
    "maxDegree": 10,
    "minClosenessVitality": 14.0,
    "minClustering": 0.42857142857142855,
    "minDegree": 2,
    "nodeCount": 14
  },