{
  "n_10_m_2_p_0.2.txt": {
    "min_k": 0
  },
  "n_10_m_2_p_0.4.txt": {
    "min_k": 30
  },
  "n_10_m_2_p_0.6000000000000001.txt": {
    "min_k": 26
  },
  "n_10_m_2_p_0.8.txt": {
    "min_k": 27
  },
  "n_10_m_4_p_0.2.txt": {
    "min_k": 23
  },
  "n_10_m_4_p_0.4.txt": {
    "min_k": 18
  },
  "n_10_m_4_p_0.6000000000000001.txt": {
    "min_k": 15
  },
  "n_10_m_4_p_0.8.txt": {
    "min_k": 0
  },
  "n_10_m_6_p_0.2.txt": {
    "min_k": 0
  },
  "n_10_m_6_p_0.4.txt": {
    "min_k": 0
  },
  "n_10_m_6_p_0.6000000000000001.txt": {
    "min_k": 0
  },
  "n_10_m_6_p_0.8.txt": {
    "min_k": 0
  },
  "n_10_m_8_p_0.2.txt": {
    "min_k": 0
  },
  "n_10_m_8_p_0.4.txt": {
    "min_k": 0
  },
  "n_10_m_8_p_0.6000000000000001.txt": {
    "min_k": 0
  },
  "n_10_m_8_p_0.8.txt": {
    "min_k": 0
  },
  "n_20_m_2_p_0.2.txt": {
    "min_k": 165
  },
  "n_20_m_2_p_0.4.txt": {
    "min_k": 161
  },
  "n_20_m_2_p_0.6000000000000001.txt": {
    "min_k": 160
  },
  "n_20_m_2_p_0.8.txt": {
    "min_k": 155
  },
  "n_20_m_4_p_0.2.txt": {
    "min_k": 142
  },
  "n_20_m_4_p_0.4.txt": {
    "min_k": 134
  },
  "n_20_m_4_p_0.6000000000000001.txt": {
    "min_k": 126
  },
  "n_20_m_4_p_0.8.txt": {
    "min_k": 119
  },
  "n_20_m_6_p_0.2.txt": {
    "min_k": 117
  },
  "n_20_m_6_p_0.4.txt": {
    "min_k": 100
  },
  "n_20_m_6_p_0.6000000000000001.txt": {
    "min_k": 95
  },
  "n_20_m_6_p_0.8.txt": {
    "min_k": 82
  },
  "n_20_m_8_p_0.2.txt": {
    "min_k": 94
  },
  "n_20_m_8_p_0.4.txt": {
    "min_k": 78
  },
  "n_20_m_8_p_0.6000000000000001.txt": {
    "min_k": 70
  },
  "n_20_m_8_p_0.8.txt": {
    "min_k": 42
  },
  "n_30_m_2_p_0.2.txt": {
    "min_k": 397
  },
  "n_30_m_2_p_0.4.txt": {
    "min_k": 392
  },
  "n_30_m_2_p_0.6000000000000001.txt": {
    "min_k": 386
  },
  "n_30_m_2_p_0.8.txt": {
    "min_k": 384
  },
  "n_30_m_4_p_0.2.txt": {
    "min_k": 366
  },
  "n_30_m_4_p_0.4.txt": {
    "min_k": 350
  },
  "n_30_m_4_p_0.6000000000000001.txt": {
    "min_k": 334
  },
  "n_30_m_4_p_0.8.txt": {
    "min_k": -1
  },
  "n_30_m_6_p_0.2.txt": {
    "min_k": 326
  },
  "n_30_m_6_p_0.4.txt": {
    "min_k": 303
  },
  "n_30_m_6_p_0.6000000000000001.txt": {
    "min_k": 288
  },
  "n_30_m_6_p_0.8.txt": {
    "min_k": 271
  },
  "n_30_m_8_p_0.2.txt": {
    "min_k": 296
  },
  "n_30_m_8_p_0.4.txt": {
    "min_k": 261
  },
  "n_30_m_8_p_0.6000000000000001.txt": {
    "min_k": 241
  },
  "n_30_m_8_p_0.8.txt": {
    "min_k": 218
  },
  "n_40_m_2_p_0.2.txt": {
    "min_k": 733
  },
  "n_40_m_2_p_0.4.txt": {
    "min_k": 721
  },
  "n_40_m_2_p_0.6000000000000001.txt": {
    "min_k": 715
  },
  "n_40_m_2_p_0.8.txt": {
    "min_k": 711
  },
  "n_40_m_4_p_0.2.txt": {
    "min_k": 682
  },
  "n_40_m_4_p_0.4.txt": {
    "min_k": 670
  },
  "n_40_m_4_p_0.6000000000000001.txt": {
    "min_k": 650
  },
  "n_40_m_4_p_0.8.txt": {
    "min_k": -1
  },
  "n_40_m_6_p_0.2.txt": {
    "min_k": 635
  },
  "n_40_m_6_p_0.4.txt": {
    "min_k": -1
  },
  "n_40_m_6_p_0.6000000000000001.txt": {
    "min_k": 595
  },
  "n_40_m_6_p_0.8.txt": {
    "min_k": 563
  },
  "n_40_m_8_p_0.2.txt": {
    "min_k": -1
  },
  "n_40_m_8_p_0.4.txt": {
    "min_k": -1
  },
  "n_40_m_8_p_0.6000000000000001.txt": {
    "min_k": 525
  },
  "n_40_m_8_p_0.8.txt": {
    "min_k": 491
  },
  "n_50_m_2_p_0.2.txt": {
    "min_k": 1165
  },
  "n_50_m_2_p_0.4.txt": {
    "min_k": 1152
  },
  "n_50_m_2_p_0.6000000000000001.txt": {
    "min_k": 1140
  },
  "n_50_m_2_p_0.8.txt": {
    "min_k": 1140
  },
  "n_50_m_4_p_0.2.txt": {
    "min_k": 1106
  },
  "n_50_m_4_p_0.4.txt": {
    "min_k": 1075
  },
  "n_50_m_4_p_0.6000000000000001.txt": {
    "min_k": 1056
  },
  "n_50_m_4_p_0.8.txt": {
    "min_k": 1043
  },
  "n_50_m_6_p_0.2.txt": {
    "min_k": 1047
  },
  "n_50_m_6_p_0.4.txt": {
    "min_k": 1019
  },
  "n_50_m_6_p_0.6000000000000001.txt": {
    "min_k": 977
  },
  "n_50_m_6_p_0.8.txt": {
    "min_k": -1
  },
  "n_50_m_8_p_0.2.txt": {
    "min_k": 991
  },
  "n_50_m_8_p_0.4.txt": {
    "min_k": -1
  },
  "n_50_m_8_p_0.6000000000000001.txt": {
    "min_k": -1
  },
  "n_50_m_8_p_0.8.txt": {
    "min_k": 860
  },
  "n_60_m_2_p_0.2.txt": {
    "min_k": 1695
  },
  "n_60_m_2_p_0.4.txt": {
    "min_k": 1681
  },
  "n_60_m_2_p_0.6000000000000001.txt": {
    "min_k": 1675
  },
  "n_60_m_2_p_0.8.txt": {
    "min_k": 1664
  },
  "n_60_m_4_p_0.2.txt": {
    "min_k": 1618
  },
  "n_60_m_4_p_0.4.txt": {
    "min_k": 1598
  },
  "n_60_m_4_p_0.6000000000000001.txt": {
    "min_k": 1582
  },
  "n_60_m_4_p_0.8.txt": {
    "min_k": 1560
  },
  "n_60_m_6_p_0.2.txt": {
    "min_k": 1549
  },
  "n_60_m_6_p_0.4.txt": {
    "min_k": 1514
  },
  "n_60_m_6_p_0.6000000000000001.txt": {
    "min_k": 1485
  },
  "n_60_m_6_p_0.8.txt": {
    "min_k": -1
  },
  "n_60_m_8_p_0.2.txt": {
    "min_k": 1477
  },
  "n_60_m_8_p_0.4.txt": {
    "min_k": 1440
  },
  "n_60_m_8_p_0.6000000000000001.txt": {
    "min_k": -1
  },
  "n_60_m_8_p_0.8.txt": {
    "min_k": 1341
  },
  "n_70_m_2_p_0.2.txt": {
    "min_k": 2333
  },
  "n_70_m_2_p_0.4.txt": {
    "min_k": -1
  },
  "n_70_m_2_p_0.6000000000000001.txt": {
    "min_k": -1
  },
  "n_70_m_2_p_0.8.txt": {
    "min_k": -1
  },
  "n_70_m_4_p_0.2.txt": {
    "min_k": -1
  },
  "n_70_m_4_p_0.4.txt": {
    "min_k": 2215
  },
  "n_70_m_4_p_0.6000000000000001.txt": {
    "min_k": 2185
  },
  "n_70_m_4_p_0.8.txt": {
    "min_k": 2158
  },
  "n_70_m_6_p_0.2.txt": {
    "min_k": 2159
  },
  "n_70_m_6_p_0.4.txt": {
    "min_k": 2134
  },
  "n_70_m_6_p_0.6000000000000001.txt": {
    "min_k": 2089
  },
  "n_70_m_6_p_0.8.txt": {
    "min_k": 2033
  },
  "n_70_m_8_p_0.2.txt": {
    "min_k": 2085
  },
  "n_70_m_8_p_0.4.txt": {
    "min_k": 2028
  },
  "n_70_m_8_p_0.6000000000000001.txt": {
    "min_k": 1973
  },
  "n_70_m_8_p_0.8.txt": {
    "min_k": -1
  },
  "n_80_m_2_p_0.2.txt": {
    "min_k": -1
  },
  "n_80_m_2_p_0.4.txt": {
    "min_k": 3045
  },
  "n_80_m_2_p_0.6000000000000001.txt": {
    "min_k": 3023
  },
  "n_80_m_2_p_0.8.txt": {
    "min_k": 3019
  },
  "n_80_m_4_p_0.2.txt": {
    "min_k": 2965
  },
  "n_80_m_4_p_0.4.txt": {
    "min_k": -1
  },
  "n_80_m_4_p_0.6000000000000001.txt": {
    "min_k": 2903
  },
  "n_80_m_4_p_0.8.txt": {
    "min_k": 2880
  },
  "n_80_m_6_p_0.2.txt": {
    "min_k": 2873
  },
  "n_80_m_6_p_0.4.txt": {
    "min_k": 2818
  },
  "n_80_m_6_p_0.6000000000000001.txt": {
    "min_k": 2773
  },
  "n_80_m_6_p_0.8.txt": {
    "min_k": 2727
  },
  "n_80_m_8_p_0.2.txt": {
    "min_k": 2777
  },
  "n_80_m_8_p_0.4.txt": {
    "min_k": 2705
  },
  "n_80_m_8_p_0.6000000000000001.txt": {
    "min_k": 2640
  },
  "n_80_m_8_p_0.8.txt": {
    "min_k": 2579
  },
  "n_90_m_2_p_0.2.txt": {
    "min_k": -1
  },
  "n_90_m_2_p_0.4.txt": {
    "min_k": 3875
  },
  "n_90_m_2_p_0.6000000000000001.txt": {
    "min_k": 3856
  },
  "n_90_m_2_p_0.8.txt": {
    "min_k": 3839
  },
  "n_90_m_4_p_0.2.txt": {
    "min_k": 3788
  },
  "n_90_m_4_p_0.4.txt": {
    "min_k": -1
  },
  "n_90_m_4_p_0.6000000000000001.txt": {
    "min_k": 3707
  },
  "n_90_m_4_p_0.8.txt": {
    "min_k": 3679
  },
  "n_90_m_6_p_0.2.txt": {
    "min_k": -1
  },
  "n_90_m_6_p_0.4.txt": {
    "min_k": 3636
  },
  "n_90_m_6_p_0.6000000000000001.txt": {
    "min_k": 3582
  },
  "n_90_m_6_p_0.8.txt": {
    "min_k": 3533
  },
  "n_90_m_8_p_0.2.txt": {
    "min_k": 3572
  },
  "n_90_m_8_p_0.4.txt": {
    "min_k": 3502
  },
  "n_90_m_8_p_0.6000000000000001.txt": {
    "min_k": 3414
  },
  "n_90_m_8_p_0.8.txt": {
    "min_k": 3346
  }
}