{
  "n_10_m_2_p_0.2.txt": {
    "min_k": 34
  },
  "n_10_m_2_p_0.4.txt": {
    "min_k": 32
  },
  "n_10_m_2_p_0.6000000000000001.txt": {
    "min_k": 29
  },
  "n_10_m_2_p_0.8.txt": {
    "min_k": 30
  },
  "n_10_m_4_p_0.2.txt": {
    "min_k": 29
  },
  "n_10_m_4_p_0.4.txt": {
    "min_k": 26
  },
  "n_10_m_4_p_0.6000000000000001.txt": {
    "min_k": 24
  },
  "n_10_m_4_p_0.8.txt": {
    "min_k": 21
  },
  "n_10_m_6_p_0.2.txt": {
    "min_k": 22
  },
  "n_10_m_6_p_0.4.txt": {
    "min_k": 22
  },
  "n_10_m_6_p_0.6000000000000001.txt": {
    "min_k": 20
  },
  "n_10_m_6_p_0.8.txt": {
    "min_k": 20
  },
  "n_10_m_8_p_0.2.txt": {
    "min_k": 20
  },
  "n_10_m_8_p_0.4.txt": {
    "min_k": 20
  },
  "n_10_m_8_p_0.6000000000000001.txt": {
    "min_k": 20
  },
  "n_10_m_8_p_0.8.txt": {
    "min_k": 20
  },
  "n_20_m_2_p_0.2.txt": {
    "min_k": 166
  },
  "n_20_m_2_p_0.4.txt": {
    "min_k": 163
  },
  "n_20_m_2_p_0.6000000000000001.txt": {
    "min_k": 162
  },
  "n_20_m_2_p_0.8.txt": {
    "min_k": 160
  },
  "n_20_m_4_p_0.2.txt": {
    "min_k": 155
  },
  "n_20_m_4_p_0.4.txt": {
    "min_k": 147
  },
  "n_20_m_4_p_0.6000000000000001.txt": {
    "min_k": 142
  },
  "n_20_m_4_p_0.8.txt": {
    "min_k": 139
  },
  "n_20_m_6_p_0.2.txt": {
    "min_k": 140
  },
  "n_20_m_6_p_0.4.txt": {
    "min_k": 128
  },
  "n_20_m_6_p_0.6000000000000001.txt": {
    "min_k": 127
  },
  "n_20_m_6_p_0.8.txt": {
    "min_k": 120
  },
  "n_20_m_8_p_0.2.txt": {
    "min_k": 127
  },
  "n_20_m_8_p_0.4.txt": {
    "min_k": 119
  },
  "n_20_m_8_p_0.6000000000000001.txt": {
    "min_k": 114
  },
  "n_20_m_8_p_0.8.txt": {
    "min_k": 100
  },
  "n_30_m_2_p_0.2.txt": {
    "min_k": 399
  },
  "n_30_m_2_p_0.4.txt": {
    "min_k": 394
  },
  "n_30_m_2_p_0.6000000000000001.txt": {
    "min_k": 388
  },
  "n_30_m_2_p_0.8.txt": {
    "min_k": 387
  },
  "n_30_m_4_p_0.2.txt": {
    "min_k": 382
  },
  "n_30_m_4_p_0.4.txt": {
    "min_k": 369
  },
  "n_30_m_4_p_0.6000000000000001.txt": {
    "min_k": 359
  },
  "n_30_m_4_p_0.8.txt": {
    "min_k": 353
  },
  "n_30_m_6_p_0.2.txt": {
    "min_k": 358
  },
  "n_30_m_6_p_0.4.txt": {
    "min_k": 344
  },
  "n_30_m_6_p_0.6000000000000001.txt": {
    "min_k": 334
  },
  "n_30_m_6_p_0.8.txt": {
    "min_k": 325
  },
  "n_30_m_8_p_0.2.txt": {
    "min_k": 341
  },
  "n_30_m_8_p_0.4.txt": {
    "min_k": 321
  },
  "n_30_m_8_p_0.6000000000000001.txt": {
    "min_k": 309
  },
  "n_30_m_8_p_0.8.txt": {
    "min_k": 298
  },
  "n_40_m_2_p_0.2.txt": {
    "min_k": 734
  },
  "n_40_m_2_p_0.4.txt": {
    "min_k": 722
  },
  "n_40_m_2_p_0.6000000000000001.txt": {
    "min_k": 718
  },
  "n_40_m_2_p_0.8.txt": {
    "min_k": 716
  },
  "n_40_m_4_p_0.2.txt": {
    "min_k": 706
  },
  "n_40_m_4_p_0.4.txt": {
    "min_k": 692
  },
  "n_40_m_4_p_0.6000000000000001.txt": {
    "min_k": 680
  },
  "n_40_m_4_p_0.8.txt": {
    "min_k": 668
  },
  "n_40_m_6_p_0.2.txt": {
    "min_k": 676
  },
  "n_40_m_6_p_0.4.txt": {
    "min_k": 652
  },
  "n_40_m_6_p_0.6000000000000001.txt": {
    "min_k": 650
  },
  "n_40_m_6_p_0.8.txt": {
    "min_k": 627
  },
  "n_40_m_8_p_0.2.txt": {
    "min_k": 651
  },
  "n_40_m_8_p_0.4.txt": {
    "min_k": 631
  },
  "n_40_m_8_p_0.6000000000000001.txt": {
    "min_k": 607
  },
  "n_40_m_8_p_0.8.txt": {
    "min_k": 592
  },
  "n_50_m_2_p_0.2.txt": {
    "min_k": 0
  },
  "n_50_m_2_p_0.4.txt": {
    "min_k": 0
  },
  "n_50_m_2_p_0.6000000000000001.txt": {
    "min_k": 1144
  },
  "n_50_m_2_p_0.8.txt": {
    "min_k": 1145
  },
  "n_50_m_4_p_0.2.txt": {
    "min_k": 1132
  },
  "n_50_m_4_p_0.4.txt": {
    "min_k": 1105
  },
  "n_50_m_4_p_0.6000000000000001.txt": {
    "min_k": 1088
  },
  "n_50_m_4_p_0.8.txt": {
    "min_k": 1085
  },
  "n_50_m_6_p_0.2.txt": {
    "min_k": 1100
  },
  "n_50_m_6_p_0.4.txt": {
    "min_k": 1075
  },
  "n_50_m_6_p_0.6000000000000001.txt": {
    "min_k": 1041
  },
  "n_50_m_6_p_0.8.txt": {
    "min_k": 1032
  },
  "n_50_m_8_p_0.2.txt": {
    "min_k": 1063
  },
  "n_50_m_8_p_0.4.txt": {
    "min_k": 1031
  },
  "n_50_m_8_p_0.6000000000000001.txt": {
    "min_k": 1013
  },
  "n_50_m_8_p_0.8.txt": {
    "min_k": 985
  },
  "n_60_m_2_p_0.2.txt": {
    "min_k": 1696
  },
  "n_60_m_2_p_0.4.txt": {
    "min_k": 1682
  },
  "n_60_m_2_p_0.6000000000000001.txt": {
    "min_k": 1677
  },
  "n_60_m_2_p_0.8.txt": {
    "min_k": 1667
  },
  "n_60_m_4_p_0.2.txt": {
    "min_k": 1653
  },
  "n_60_m_4_p_0.4.txt": {
    "min_k": 1635
  },
  "n_60_m_4_p_0.6000000000000001.txt": {
    "min_k": 1619
  },
  "n_60_m_4_p_0.8.txt": {
    "min_k": 1605
  },
  "n_60_m_6_p_0.2.txt": {
    "min_k": 1614
  },
  "n_60_m_6_p_0.4.txt": {
    "min_k": 1582
  },
  "n_60_m_6_p_0.6000000000000001.txt": {
    "min_k": 1560
  },
  "n_60_m_6_p_0.8.txt": {
    "min_k": 1522
  },
  "n_60_m_8_p_0.2.txt": {
    "min_k": 1567
  },
  "n_60_m_8_p_0.4.txt": {
    "min_k": 1542
  },
  "n_60_m_8_p_0.6000000000000001.txt": {
    "min_k": 1509
  },
  "n_60_m_8_p_0.8.txt": {
    "min_k": 1479
  },
  "n_70_m_2_p_0.2.txt": {
    "min_k": 2334
  },
  "n_70_m_2_p_0.4.txt": {
    "min_k": 2314
  },
  "n_70_m_2_p_0.6000000000000001.txt": {
    "min_k": 0
  },
  "n_70_m_2_p_0.8.txt": {
    "min_k": 2294
  },
  "n_70_m_4_p_0.2.txt": {
    "min_k": 2286
  },
  "n_70_m_4_p_0.4.txt": {
    "min_k": 2252
  },
  "n_70_m_4_p_0.6000000000000001.txt": {
    "min_k": 2228
  },
  "n_70_m_4_p_0.8.txt": {
    "min_k": 2207
  },
  "n_70_m_6_p_0.2.txt": {
    "min_k": 2229
  },
  "n_70_m_6_p_0.4.txt": {
    "min_k": 2210
  },
  "n_70_m_6_p_0.6000000000000001.txt": {
    "min_k": 2172
  },
  "n_70_m_6_p_0.8.txt": {
    "min_k": 2133
  },
  "n_70_m_8_p_0.2.txt": {
    "min_k": 2184
  },
  "n_70_m_8_p_0.4.txt": {
    "min_k": 2142
  },
  "n_70_m_8_p_0.6000000000000001.txt": {
    "min_k": 2104
  },
  "n_70_m_8_p_0.8.txt": {
    "min_k": 2067
  },
  "n_80_m_2_p_0.2.txt": {
    "min_k": 0
  },
  "n_80_m_2_p_0.4.txt": {
    "min_k": 3047
  },
  "n_80_m_2_p_0.6000000000000001.txt": {
    "min_k": 3025
  },
  "n_80_m_2_p_0.8.txt": {
    "min_k": 3022
  },
  "n_80_m_4_p_0.2.txt": {
    "min_k": 3006
  },
  "n_80_m_4_p_0.4.txt": {
    "min_k": 2973
  },
  "n_80_m_4_p_0.6000000000000001.txt": {
    "min_k": 2953
  },
  "n_80_m_4_p_0.8.txt": {
    "min_k": 2936
  },
  "n_80_m_6_p_0.2.txt": {
    "min_k": 2953
  },
  "n_80_m_6_p_0.4.txt": {
    "min_k": 2906
  },
  "n_80_m_6_p_0.6000000000000001.txt": {
    "min_k": 2871
  },
  "n_80_m_6_p_0.8.txt": {
    "min_k": 2838
  },
  "n_80_m_8_p_0.2.txt": {
    "min_k": 2893
  },
  "n_80_m_8_p_0.4.txt": {
    "min_k": 2835
  },
  "n_80_m_8_p_0.6000000000000001.txt": {
    "min_k": 2790
  },
  "n_80_m_8_p_0.8.txt": {
    "min_k": 2758
  },
  "n_90_m_2_p_0.2.txt": {
    "min_k": 3895
  },
  "n_90_m_2_p_0.4.txt": {
    "min_k": 3877
  },
  "n_90_m_2_p_0.6000000000000001.txt": {
    "min_k": 3860
  },
  "n_90_m_2_p_0.8.txt": {
    "min_k": 3843
  },
  "n_90_m_4_p_0.2.txt": {
    "min_k": 3834
  },
  "n_90_m_4_p_0.4.txt": {
    "min_k": 3801
  },
  "n_90_m_4_p_0.6000000000000001.txt": {
    "min_k": 3763
  },
  "n_90_m_4_p_0.8.txt": {
    "min_k": 3734
  },
  "n_90_m_6_p_0.2.txt": {
    "min_k": 3773
  },
  "n_90_m_6_p_0.4.txt": {
    "min_k": 3729
  },
  "n_90_m_6_p_0.6000000000000001.txt": {
    "min_k": 3687
  },
  "n_90_m_6_p_0.8.txt": {
    "min_k": 3652
  },
  "n_90_m_8_p_0.2.txt": {
    "min_k": 3701
  },
  "n_90_m_8_p_0.4.txt": {
    "min_k": 3646
  },
  "n_90_m_8_p_0.6000000000000001.txt": {
    "min_k": 3586
  },
  "n_90_m_8_p_0.8.txt": {
    "min_k": 3547
  }
}